city,datetime,temp,humidity,pressure,wind_speed,wind_bearing,visibility,clouds,lat,lon
Hanoi,2026-03-18 15:00:00,22.92,84,1014,4.44,136,10000,18,21.0245,105.8412
Hanoi,2026-03-18 18:00:00,22.43,87,1014,2.82,115,10000,18,21.0245,105.8412
Hanoi,2026-03-18 21:00:00,21.96,88,1013,2.46,113,10000,52,21.0245,105.8412
Hanoi,2026-03-19 00:00:00,22.2,87,1014,2.88,117,10000,86,21.0245,105.8412
Hanoi,2026-03-19 03:00:00,23.08,74,1015,3.53,147,10000,99,21.0245,105.8412
Hanoi,2026-03-19 06:00:00,25.79,60,1012,4.5,169,10000,99,21.0245,105.8412
Hanoi,2026-03-19 09:00:00,27.48,57,1008,5.42,148,10000,98,21.0245,105.8412
Hanoi,2026-03-19 12:00:00,24.16,70,1010,5.44,142,10000,93,21.0245,105.8412
Hanoi,2026-03-19 15:00:00,22.35,85,1012,4.12,136,10000,100,21.0245,105.8412
Hanoi,2026-03-19 18:00:00,21.38,93,1011,3.59,140,10000,90,21.0245,105.8412
Hanoi,2026-03-19 21:00:00,20.78,96,1010,2.77,133,10000,36,21.0245,105.8412
Hanoi,2026-03-20 00:00:00,21.56,93,1012,2.77,128,10000,49,21.0245,105.8412
Hanoi,2026-03-20 03:00:00,27.1,59,1013,5.64,161,10000,76,21.0245,105.8412
Hanoi,2026-03-20 06:00:00,26.94,61,1011,4.52,153,10000,88,21.0245,105.8412
Hanoi,2026-03-20 09:00:00,27.29,62,1010,5.86,153,10000,89,21.0245,105.8412
Hanoi,2026-03-20 12:00:00,24.42,74,1011,4.98,133,10000,86,21.0245,105.8412
Hanoi,2026-03-20 15:00:00,22.94,84,1014,3.72,142,10000,68,21.0245,105.8412
Hanoi,2026-03-20 18:00:00,22.37,84,1013,2.94,129,10000,82,21.0245,105.8412
Hanoi,2026-03-20 21:00:00,21.95,85,1012,2.94,116,10000,100,21.0245,105.8412
Hanoi,2026-03-21 00:00:00,22.2,84,1014,2.27,115,10000,100,21.0245,105.8412
Hanoi,2026-03-21 03:00:00,23.9,77,1016,2.93,116,10000,100,21.0245,105.8412
Hanoi,2026-03-21 06:00:00,24.59,77,1013,3.73,147,10000,100,21.0245,105.8412
Hanoi,2026-03-21 09:00:00,24.67,74,1011,4.44,148,10000,100,21.0245,105.8412
Hanoi,2026-03-21 12:00:00,23.9,76,1012,3.98,143,10000,98,21.0245,105.8412
Hanoi,2026-03-21 15:00:00,22.3,83,1014,3.5,142,10000,95,21.0245,105.8412
Hanoi,2026-03-21 18:00:00,22.06,87,1013,2.44,132,10000,95,21.0245,105.8412
Hanoi,2026-03-21 21:00:00,21.83,89,1012,2.4,121,10000,100,21.0245,105.8412
Hanoi,2026-03-22 00:00:00,22.01,91,1013,3.12,122,10000,100,21.0245,105.8412
Hanoi,2026-03-22 03:00:00,26.89,66,1015,4.74,171,10000,100,21.0245,105.8412
Hanoi,2026-03-22 06:00:00,26.68,65,1012,5.78,170,10000,100,21.0245,105.8412
Hanoi,2026-03-22 09:00:00,26.81,65,1010,5.54,154,10000,100,21.0245,105.8412
Hanoi,2026-03-22 12:00:00,24.48,72,1012,5.5,148,10000,81,21.0245,105.8412
Hanoi,2026-03-22 15:00:00,22.53,82,1013,4.18,138,10000,68,21.0245,105.8412
Hanoi,2026-03-22 18:00:00,21.78,89,1012,3.38,137,10000,47,21.0245,105.8412
Hanoi,2026-03-22 21:00:00,21.57,92,1011,3.48,132,10000,77,21.0245,105.8412
Hanoi,2026-03-23 00:00:00,22.01,90,1012,3.78,136,10000,75,21.0245,105.8412
Hanoi,2026-03-23 03:00:00,26.18,66,1013,4.94,175,10000,82,21.0245,105.8412
Hanoi,2026-03-23 06:00:00,27.48,61,1011,4.64,183,10000,92,21.0245,105.8412
Hanoi,2026-03-23 09:00:00,28.77,56,1008,5.39,151,10000,80,21.0245,105.8412
Hanoi,2026-03-23 12:00:00,24.91,68,1010,5.57,143,10000,64,21.0245,105.8412
Ho Chi Minh City,2026-03-18 15:00:00,26.05,75,1012,5.51,129,10000,0,10.75,106.6667
Ho Chi Minh City,2026-03-18 18:00:00,25.75,76,1012,4.7,129,10000,0,10.75,106.6667
Ho Chi Minh City,2026-03-18 21:00:00,25.14,77,1011,4.15,135,10000,1,10.75,106.6667
Ho Chi Minh City,2026-03-19 00:00:00,25.09,74,1013,3.83,118,10000,35,10.75,106.6667
Ho Chi Minh City,2026-03-19 03:00:00,29.95,44,1013,2.92,107,10000,12,10.75,106.6667
Ho Chi Minh City,2026-03-19 06:00:00,33.22,32,1010,1.9,117,10000,10,10.75,106.6667
Ho Chi Minh City,2026-03-19 09:00:00,31.37,43,1008,7.08,160,10000,26,10.75,106.6667
Ho Chi Minh City,2026-03-19 12:00:00,26.32,66,1010,6.51,136,10000,15,10.75,106.6667
Ho Chi Minh City,2026-03-19 15:00:00,25.65,70,1012,5.41,133,10000,5,10.75,106.6667
Ho Chi Minh City,2026-03-19 18:00:00,25.1,76,1011,4.41,144,10000,6,10.75,106.6667
Ho Chi Minh City,2026-03-19 21:00:00,24.66,79,1011,3.35,124,10000,10,10.75,106.6667
Ho Chi Minh City,2026-03-20 00:00:00,25.24,76,1013,4.4,125,10000,11,10.75,106.6667
Ho Chi Minh City,2026-03-20 03:00:00,31.03,49,1013,3.8,123,10000,76,10.75,106.6667
Ho Chi Minh City,2026-03-20 06:00:00,35.17,36,1010,4.07,155,10000,60,10.75,106.6667
Ho Chi Minh City,2026-03-20 09:00:00,31.74,44,1008,6.52,160,10000,72,10.75,106.6667
Ho Chi Minh City,2026-03-20 12:00:00,27.05,61,1010,6.14,138,10000,34,10.75,106.6667
Ho Chi Minh City,2026-03-20 15:00:00,25.81,72,1012,4.33,140,10000,15,10.75,106.6667
Ho Chi Minh City,2026-03-20 18:00:00,25.22,79,1012,3.96,151,10000,20,10.75,106.6667
Ho Chi Minh City,2026-03-20 21:00:00,24.73,78,1012,3.24,138,10000,28,10.75,106.6667
Ho Chi Minh City,2026-03-21 00:00:00,25.32,75,1013,4.53,123,10000,63,10.75,106.6667
Ho Chi Minh City,2026-03-21 03:00:00,31.43,45,1013,3.64,113,10000,57,10.75,106.6667
Ho Chi Minh City,2026-03-21 06:00:00,36.19,34,1010,2.41,127,10000,47,10.75,106.6667
Ho Chi Minh City,2026-03-21 09:00:00,31.81,46,1008,7.07,152,10000,90,10.75,106.6667
Ho Chi Minh City,2026-03-21 12:00:00,27.93,60,1010,6.41,136,10000,80,10.75,106.6667
Ho Chi Minh City,2026-03-21 15:00:00,26.12,72,1012,6.17,127,10000,44,10.75,106.6667
Ho Chi Minh City,2026-03-21 18:00:00,25.6,75,1011,3.93,140,10000,25,10.75,106.6667
Ho Chi Minh City,2026-03-21 21:00:00,24.89,79,1011,3.66,135,10000,0,10.75,106.6667
Ho Chi Minh City,2026-03-22 00:00:00,25.59,77,1012,4.11,123,10000,1,10.75,106.6667
Ho Chi Minh City,2026-03-22 03:00:00,31.68,46,1013,3.67,97,10000,10,10.75,106.6667
Ho Chi Minh City,2026-03-22 06:00:00,36.14,34,1009,2.47,148,10000,17,10.75,106.6667
Ho Chi Minh City,2026-03-22 09:00:00,32.34,46,1007,7.2,157,10000,65,10.75,106.6667
Ho Chi Minh City,2026-03-22 12:00:00,26.99,69,1010,6.69,134,10000,39,10.75,106.6667
Ho Chi Minh City,2026-03-22 15:00:00,26.07,72,1011,6.64,125,10000,39,10.75,106.6667
Ho Chi Minh City,2026-03-22 18:00:00,25.53,78,1010,4.27,139,10000,50,10.75,106.6667
Ho Chi Minh City,2026-03-22 21:00:00,24.99,80,1010,4.01,124,10000,91,10.75,106.6667
Ho Chi Minh City,2026-03-23 00:00:00,25.61,74,1012,4.01,130,10000,80,10.75,106.6667
Ho Chi Minh City,2026-03-23 03:00:00,31.34,45,1012,3.3,103,10000,82,10.75,106.6667
Ho Chi Minh City,2026-03-23 06:00:00,36.38,34,1008,1.17,65,10000,92,10.75,106.6667
Ho Chi Minh City,2026-03-23 09:00:00,30.83,49,1007,6.94,163,10000,84,10.75,106.6667
Ho Chi Minh City,2026-03-23 12:00:00,26.79,67,1009,6.3,133,10000,39,10.75,106.6667
Da Nang,2026-03-18 15:00:00,23.27,85,1014,2.72,174,10000,3,16.0678,108.2208
Da Nang,2026-03-18 18:00:00,23.04,86,1014,3.07,189,10000,10,16.0678,108.2208
Da Nang,2026-03-18 21:00:00,22.14,88,1013,2.77,176,10000,22,16.0678,108.2208
Da Nang,2026-03-19 00:00:00,21.43,89,1014,3.55,178,10000,18,16.0678,108.2208
Da Nang,2026-03-19 03:00:00,25.43,79,1014,3.91,124,10000,0,16.0678,108.2208
Da Nang,2026-03-19 06:00:00,26.09,78,1013,5.05,108,10000,0,16.0678,108.2208
Da Nang,2026-03-19 09:00:00,24.87,78,1011,4.68,120,10000,0,16.0678,108.2208
Da Nang,2026-03-19 12:00:00,23.58,85,1012,4.27,145,10000,4,16.0678,108.2208
Da Nang,2026-03-19 15:00:00,22.87,87,1013,4.06,172,10000,19,16.0678,108.2208
Da Nang,2026-03-19 18:00:00,21.72,90,1011,3.99,178,10000,17,16.0678,108.2208
Da Nang,2026-03-19 21:00:00,21.28,91,1011,3.86,176,10000,3,16.0678,108.2208
Da Nang,2026-03-20 00:00:00,22.05,88,1013,3.94,164,10000,4,16.0678,108.2208
Da Nang,2026-03-20 03:00:00,24.55,78,1014,4.93,135,10000,3,16.0678,108.2208
Da Nang,2026-03-20 06:00:00,25.45,79,1012,7.0,124,10000,2,16.0678,108.2208
Da Nang,2026-03-20 09:00:00,24.97,82,1010,6.29,124,10000,4,16.0678,108.2208
Da Nang,2026-03-20 12:00:00,24.32,86,1012,4.73,133,10000,45,16.0678,108.2208
Da Nang,2026-03-20 15:00:00,23.67,89,1014,3.78,156,10000,43,16.0678,108.2208
Da Nang,2026-03-20 18:00:00,22.63,89,1012,3.09,182,10000,23,16.0678,108.2208
Da Nang,2026-03-20 21:00:00,21.96,89,1012,3.17,182,10000,1,16.0678,108.2208
Da Nang,2026-03-21 00:00:00,22.46,87,1014,2.75,181,10000,5,16.0678,108.2208
Da Nang,2026-03-21 03:00:00,25.06,76,1015,3.67,139,10000,11,16.0678,108.2208
Da Nang,2026-03-21 06:00:00,25.93,76,1013,4.44,116,10000,11,16.0678,108.2208
Da Nang,2026-03-21 09:00:00,26.08,76,1011,4.53,124,10000,12,16.0678,108.2208
Da Nang,2026-03-21 12:00:00,24.37,87,1013,3.7,134,10000,10,16.0678,108.2208
Da Nang,2026-03-21 15:00:00,24.09,90,1014,3.02,152,10000,45,16.0678,108.2208
Da Nang,2026-03-21 18:00:00,23.3,92,1013,2.9,156,10000,31,16.0678,108.2208
Da Nang,2026-03-21 21:00:00,22.64,92,1012,2.27,173,10000,27,16.0678,108.2208
Da Nang,2026-03-22 00:00:00,22.8,91,1014,3.08,193,10000,34,16.0678,108.2208
Da Nang,2026-03-22 03:00:00,25.29,81,1015,3.85,139,10000,32,16.0678,108.2208
Da Nang,2026-03-22 06:00:00,25.82,79,1012,5.68,111,10000,22,16.0678,108.2208
Da Nang,2026-03-22 09:00:00,25.29,80,1011,5.66,114,10000,9,16.0678,108.2208
Da Nang,2026-03-22 12:00:00,24.14,85,1013,4.18,131,10000,9,16.0678,108.2208
Da Nang,2026-03-22 15:00:00,23.52,87,1014,3.25,163,10000,5,16.0678,108.2208
Da Nang,2026-03-22 18:00:00,22.38,89,1012,3.11,195,10000,4,16.0678,108.2208
Da Nang,2026-03-22 21:00:00,21.82,89,1011,2.42,177,10000,1,16.0678,108.2208
Da Nang,2026-03-23 00:00:00,22.26,88,1013,3.12,181,10000,1,16.0678,108.2208
Da Nang,2026-03-23 03:00:00,24.74,79,1014,4.35,139,10000,0,16.0678,108.2208
Da Nang,2026-03-23 06:00:00,25.39,77,1011,5.39,116,10000,0,16.0678,108.2208
Da Nang,2026-03-23 09:00:00,25.24,77,1010,5.18,122,10000,3,16.0678,108.2208
Da Nang,2026-03-23 12:00:00,23.94,85,1012,3.76,146,10000,3,16.0678,108.2208
Can Tho,2026-03-18 15:00:00,25.36,82,1012,3.38,131,10000,4,10.0333,105.7833
Can Tho,2026-03-18 18:00:00,25.09,84,1012,1.55,107,10000,4,10.0333,105.7833
Can Tho,2026-03-18 21:00:00,23.99,89,1011,1.93,114,10000,31,10.0333,105.7833
Can Tho,2026-03-19 00:00:00,24.54,83,1013,1.58,104,10000,43,10.0333,105.7833
Can Tho,2026-03-19 03:00:00,29.13,46,1013,3.8,107,10000,17,10.0333,105.7833
Can Tho,2026-03-19 06:00:00,33.06,32,1009,4.45,111,10000,13,10.0333,105.7833
Can Tho,2026-03-19 09:00:00,34.95,33,1007,7.41,117,10000,12,10.0333,105.7833
Can Tho,2026-03-19 12:00:00,27.84,51,1010,4.62,144,10000,10,10.0333,105.7833
Can Tho,2026-03-19 15:00:00,24.34,77,1013,2.82,149,10000,5,10.0333,105.7833
Can Tho,2026-03-19 18:00:00,23.24,84,1012,2.03,151,10000,2,10.0333,105.7833
Can Tho,2026-03-19 21:00:00,22.67,86,1011,1.81,118,10000,5,10.0333,105.7833
Can Tho,2026-03-20 00:00:00,24.35,79,1013,2.75,111,10000,9,10.0333,105.7833
Can Tho,2026-03-20 03:00:00,31.7,46,1013,3.94,113,10000,40,10.0333,105.7833
Can Tho,2026-03-20 06:00:00,35.91,34,1009,4.07,118,10000,34,10.0333,105.7833
Can Tho,2026-03-20 09:00:00,32.98,39,1008,4.44,131,10000,100,10.0333,105.7833
Can Tho,2026-03-20 12:00:00,27.98,53,1010,4.72,139,10000,81,10.0333,105.7833
Can Tho,2026-03-20 15:00:00,24.3,74,1013,1.94,149,10000,71,10.0333,105.7833
Can Tho,2026-03-20 18:00:00,23.39,83,1012,1.95,153,10000,40,10.0333,105.7833
Can Tho,2026-03-20 21:00:00,22.81,89,1012,1.29,129,10000,19,10.0333,105.7833
Can Tho,2026-03-21 00:00:00,24.71,82,1013,2.93,104,10000,59,10.0333,105.7833
Can Tho,2026-03-21 03:00:00,31.99,44,1013,3.97,106,10000,81,10.0333,105.7833
Can Tho,2026-03-21 06:00:00,36.84,33,1009,3.66,106,10000,81,10.0333,105.7833
Can Tho,2026-03-21 09:00:00,33.88,37,1007,5.26,117,10000,95,10.0333,105.7833
Can Tho,2026-03-21 12:00:00,27.78,52,1010,5.15,128,10000,71,10.0333,105.7833
Can Tho,2026-03-21 15:00:00,24.6,75,1013,2.14,133,10000,0,10.0333,105.7833
Can Tho,2026-03-21 18:00:00,23.8,82,1012,1.84,155,10000,2,10.0333,105.7833
Can Tho,2026-03-21 21:00:00,23.22,88,1011,1.7,123,10000,14,10.0333,105.7833
Can Tho,2026-03-22 00:00:00,25.06,83,1012,3.47,113,10000,11,10.0333,105.7833
Can Tho,2026-03-22 03:00:00,32.46,40,1013,5.1,103,10000,27,10.0333,105.7833
Can Tho,2026-03-22 06:00:00,36.27,33,1009,5.21,103,10000,18,10.0333,105.7833
Can Tho,2026-03-22 09:00:00,33.29,41,1007,5.83,126,10000,82,10.0333,105.7833
Can Tho,2026-03-22 12:00:00,27.7,57,1010,5.4,125,10000,74,10.0333,105.7833
Can Tho,2026-03-22 15:00:00,24.8,78,1012,2.24,130,10000,43,10.0333,105.7833
Can Tho,2026-03-22 18:00:00,23.85,85,1011,1.95,128,10000,25,10.0333,105.7833
Can Tho,2026-03-22 21:00:00,23.02,91,1010,1.68,109,10000,7,10.0333,105.7833
Can Tho,2026-03-23 00:00:00,24.91,80,1012,2.39,107,10000,15,10.0333,105.7833
Can Tho,2026-03-23 03:00:00,32.26,47,1012,4.5,103,10000,83,10.0333,105.7833
Can Tho,2026-03-23 06:00:00,35.36,36,1008,4.97,118,10000,78,10.0333,105.7833
Can Tho,2026-03-23 09:00:00,32.76,42,1007,6.3,134,10000,100,10.0333,105.7833
Can Tho,2026-03-23 12:00:00,27.49,55,1009,5.29,130,10000,54,10.0333,105.7833
Nha Trang,2026-03-18 15:00:00,23.5,85,1014,1.73,316,10000,0,12.25,109.1833
Nha Trang,2026-03-18 18:00:00,22.97,87,1014,2.38,297,10000,0,12.25,109.1833
Nha Trang,2026-03-18 21:00:00,21.55,91,1013,2.41,298,10000,9,12.25,109.1833
Nha Trang,2026-03-19 00:00:00,21.82,86,1014,2.56,287,10000,33,12.25,109.1833
Nha Trang,2026-03-19 03:00:00,28.44,59,1015,2.18,72,10000,23,12.25,109.1833
Nha Trang,2026-03-19 06:00:00,27.71,57,1012,3.48,80,10000,22,12.25,109.1833
Nha Trang,2026-03-19 09:00:00,26.71,62,1010,3.28,71,10000,36,12.25,109.1833
Nha Trang,2026-03-19 12:00:00,23.51,79,1012,1.57,58,10000,20,12.25,109.1833
Nha Trang,2026-03-19 15:00:00,22.58,84,1014,1.42,325,10000,4,12.25,109.1833
Nha Trang,2026-03-19 18:00:00,21.0,88,1013,2.5,296,10000,25,12.25,109.1833
Nha Trang,2026-03-19 21:00:00,20.37,89,1012,3.0,289,10000,91,12.25,109.1833
Nha Trang,2026-03-20 00:00:00,22.39,80,1014,2.84,290,10000,64,12.25,109.1833
Nha Trang,2026-03-20 03:00:00,27.95,55,1014,1.71,76,10000,41,12.25,109.1833
Nha Trang,2026-03-20 06:00:00,28.91,52,1012,3.84,87,10000,25,12.25,109.1833
Nha Trang,2026-03-20 09:00:00,27.16,62,1010,3.43,84,10000,3,12.25,109.1833
Nha Trang,2026-03-20 12:00:00,23.64,85,1013,1.1,74,10000,3,12.25,109.1833
Nha Trang,2026-03-20 15:00:00,22.61,90,1014,1.46,316,10000,8,12.25,109.1833
Nha Trang,2026-03-20 18:00:00,21.23,93,1013,2.13,297,10000,9,12.25,109.1833
Nha Trang,2026-03-20 21:00:00,20.76,92,1013,2.35,280,10000,86,12.25,109.1833
Nha Trang,2026-03-21 00:00:00,22.37,85,1015,2.55,297,10000,93,12.25,109.1833
Nha Trang,2026-03-21 03:00:00,28.52,56,1015,1.17,67,10000,81,12.25,109.1833
Nha Trang,2026-03-21 06:00:00,29.48,55,1012,4.52,79,10000,43,12.25,109.1833
Nha Trang,2026-03-21 09:00:00,27.78,63,1011,4.11,73,10000,6,12.25,109.1833
Nha Trang,2026-03-21 12:00:00,23.95,85,1013,1.46,43,10000,3,12.25,109.1833
Nha Trang,2026-03-21 15:00:00,22.73,88,1014,2.0,309,10000,0,12.25,109.1833
Nha Trang,2026-03-21 18:00:00,21.74,89,1013,2.44,291,10000,0,12.25,109.1833
Nha Trang,2026-03-21 21:00:00,21.22,90,1012,2.68,294,10000,6,12.25,109.1833
Nha Trang,2026-03-22 00:00:00,23.31,79,1014,1.97,303,10000,43,12.25,109.1833
Nha Trang,2026-03-22 03:00:00,27.75,66,1015,1.84,43,10000,83,12.25,109.1833
Nha Trang,2026-03-22 06:00:00,29.0,63,1012,4.98,80,10000,62,12.25,109.1833
Nha Trang,2026-03-22 09:00:00,27.16,70,1011,4.61,72,10000,12,12.25,109.1833
Nha Trang,2026-03-22 12:00:00,23.77,89,1013,2.0,55,10000,8,12.25,109.1833
Nha Trang,2026-03-22 15:00:00,22.66,92,1014,1.73,331,10000,87,12.25,109.1833
Nha Trang,2026-03-22 18:00:00,21.83,94,1012,2.38,302,10000,94,12.25,109.1833
Nha Trang,2026-03-22 21:00:00,21.26,94,1011,2.51,288,10000,100,12.25,109.1833
Nha Trang,2026-03-23 00:00:00,22.71,87,1013,2.52,292,10000,100,12.25,109.1833
Nha Trang,2026-03-23 03:00:00,27.98,60,1013,2.37,59,10000,39,12.25,109.1833
Nha Trang,2026-03-23 06:00:00,28.93,59,1011,4.87,70,10000,20,12.25,109.1833
Nha Trang,2026-03-23 09:00:00,27.38,65,1009,4.31,69,10000,19,12.25,109.1833
Nha Trang,2026-03-23 12:00:00,23.68,85,1012,1.51,59,10000,23,12.25,109.1833
Hue,2026-03-18 15:00:00,23.43,92,1014,1.56,221,10000,7,16.4667,107.6
Hue,2026-03-18 18:00:00,23.12,93,1013,0.25,233,10000,8,16.4667,107.6
Hue,2026-03-18 21:00:00,22.23,95,1012,0.46,251,10000,10,16.4667,107.6
Hue,2026-03-19 00:00:00,21.29,90,1013,0.25,275,10000,11,16.4667,107.6
Hue,2026-03-19 03:00:00,27.09,68,1014,2.77,355,10000,2,16.4667,107.6
Hue,2026-03-19 06:00:00,27.81,67,1012,3.21,39,10000,1,16.4667,107.6
Hue,2026-03-19 09:00:00,26.54,70,1010,4.02,71,10000,0,16.4667,107.6
Hue,2026-03-19 12:00:00,22.22,91,1011,2.7,105,10000,1,16.4667,107.6
Hue,2026-03-19 15:00:00,21.07,95,1012,0.89,174,10000,4,16.4667,107.6
Hue,2026-03-19 18:00:00,20.37,95,1010,0.88,161,10000,17,16.4667,107.6
Hue,2026-03-19 21:00:00,19.87,93,1009,0.6,204,10000,10,16.4667,107.6
Hue,2026-03-20 00:00:00,21.64,86,1012,0.6,259,10000,7,16.4667,107.6
Hue,2026-03-20 03:00:00,28.14,63,1013,2.05,20,10000,0,16.4667,107.6
Hue,2026-03-20 06:00:00,28.66,65,1010,3.63,51,10000,0,16.4667,107.6
Hue,2026-03-20 09:00:00,28.31,68,1008,4.01,87,10000,8,16.4667,107.6
Hue,2026-03-20 12:00:00,23.51,89,1010,2.27,111,10000,7,16.4667,107.6
Hue,2026-03-20 15:00:00,22.04,94,1013,1.13,279,10000,3,16.4667,107.6
Hue,2026-03-20 18:00:00,21.42,94,1011,1.23,139,10000,5,16.4667,107.6
Hue,2026-03-20 21:00:00,20.67,91,1011,0.52,236,10000,19,16.4667,107.6
Hue,2026-03-21 00:00:00,22.33,85,1013,1.21,262,10000,34,16.4667,107.6
Hue,2026-03-21 03:00:00,27.71,65,1014,2.06,4,10000,31,16.4667,107.6
Hue,2026-03-21 06:00:00,28.29,66,1012,3.62,35,10000,36,16.4667,107.6
Hue,2026-03-21 09:00:00,27.83,67,1010,3.79,79,10000,16,16.4667,107.6
Hue,2026-03-21 12:00:00,23.99,83,1012,2.97,98,10000,35,16.4667,107.6
Hue,2026-03-21 15:00:00,22.16,92,1013,0.9,145,10000,50,16.4667,107.6
Hue,2026-03-21 18:00:00,20.99,95,1012,0.98,247,10000,31,16.4667,107.6
Hue,2026-03-21 21:00:00,20.38,96,1012,1.0,214,10000,10,16.4667,107.6
Hue,2026-03-22 00:00:00,21.91,90,1013,0.66,164,10000,10,16.4667,107.6
Hue,2026-03-22 03:00:00,28.38,65,1014,1.93,52,10000,5,16.4667,107.6
Hue,2026-03-22 06:00:00,28.46,69,1011,5.0,55,10000,10,16.4667,107.6
Hue,2026-03-22 09:00:00,27.11,71,1010,4.56,75,10000,23,16.4667,107.6
Hue,2026-03-22 12:00:00,22.89,91,1012,2.45,98,10000,14,16.4667,107.6
Hue,2026-03-22 15:00:00,21.68,96,1013,1.08,206,10000,1,16.4667,107.6
Hue,2026-03-22 18:00:00,21.16,96,1011,0.24,292,10000,5,16.4667,107.6
Hue,2026-03-22 21:00:00,20.62,96,1010,0.82,172,10000,11,16.4667,107.6
Hue,2026-03-23 00:00:00,22.01,89,1012,0.29,172,10000,11,16.4667,107.6
Hue,2026-03-23 03:00:00,28.5,61,1013,1.63,42,10000,0,16.4667,107.6
Hue,2026-03-23 06:00:00,28.76,64,1010,4.44,56,10000,0,16.4667,107.6
Hue,2026-03-23 09:00:00,27.12,70,1009,4.23,73,10000,0,16.4667,107.6
Hue,2026-03-23 12:00:00,22.92,88,1010,2.35,96,10000,0,16.4667,107.6
Vung Tau,2026-03-18 15:00:00,25.22,80,1013,9.12,106,10000,10,10.346,107.0843
Vung Tau,2026-03-18 18:00:00,25.01,79,1013,8.24,102,10000,9,10.346,107.0843
Vung Tau,2026-03-18 21:00:00,24.56,80,1012,7.73,100,10000,36,10.346,107.0843
Vung Tau,2026-03-19 00:00:00,24.62,78,1013,8.13,94,10000,53,10.346,107.0843
Vung Tau,2026-03-19 03:00:00,27.39,71,1014,8.08,95,10000,14,10.346,107.0843
Vung Tau,2026-03-19 06:00:00,28.7,70,1011,8.19,117,10000,12,10.346,107.0843
Vung Tau,2026-03-19 09:00:00,25.6,72,1009,6.38,127,10000,4,10.346,107.0843
Vung Tau,2026-03-19 12:00:00,24.99,79,1011,7.86,112,10000,4,10.346,107.0843
Vung Tau,2026-03-19 15:00:00,25.02,79,1012,9.5,105,10000,7,10.346,107.0843
Vung Tau,2026-03-19 18:00:00,24.9,82,1011,8.17,106,10000,7,10.346,107.0843
Vung Tau,2026-03-19 21:00:00,24.75,80,1011,7.08,111,10000,25,10.346,107.0843
Vung Tau,2026-03-20 00:00:00,25.03,77,1013,7.19,99,10000,26,10.346,107.0843
Vung Tau,2026-03-20 03:00:00,26.01,72,1014,7.06,107,10000,24,10.346,107.0843
Vung Tau,2026-03-20 06:00:00,26.2,70,1011,6.65,120,10000,25,10.346,107.0843
Vung Tau,2026-03-20 09:00:00,25.9,72,1009,6.0,131,10000,24,10.346,107.0843
Vung Tau,2026-03-20 12:00:00,25.2,78,1011,6.77,107,10000,11,10.346,107.0843
Vung Tau,2026-03-20 15:00:00,25.11,82,1012,8.24,100,10000,14,10.346,107.0843
Vung Tau,2026-03-20 18:00:00,25.11,80,1012,7.83,106,10000,11,10.346,107.0843
Vung Tau,2026-03-20 21:00:00,24.78,80,1012,6.59,107,10000,11,10.346,107.0843
Vung Tau,2026-03-21 00:00:00,24.99,80,1013,6.33,90,10000,32,10.346,107.0843
Vung Tau,2026-03-21 03:00:00,26.34,72,1014,6.87,100,10000,23,10.346,107.0843
Vung Tau,2026-03-21 06:00:00,26.49,71,1012,7.89,122,10000,21,10.346,107.0843
Vung Tau,2026-03-21 09:00:00,26.34,73,1010,7.38,120,10000,4,10.346,107.0843
Vung Tau,2026-03-21 12:00:00,25.33,80,1011,7.76,107,10000,1,10.346,107.0843
Vung Tau,2026-03-21 15:00:00,25.26,83,1012,9.44,101,10000,5,10.346,107.0843
Vung Tau,2026-03-21 18:00:00,25.22,84,1011,10.48,99,10000,6,10.346,107.0843
Vung Tau,2026-03-21 21:00:00,25.18,79,1011,7.71,97,10000,1,10.346,107.0843
Vung Tau,2026-03-22 00:00:00,25.29,79,1012,8.56,95,10000,5,10.346,107.0843
Vung Tau,2026-03-22 03:00:00,26.54,74,1014,7.62,99,10000,50,10.346,107.0843
Vung Tau,2026-03-22 06:00:00,26.41,74,1011,9.07,116,10000,37,10.346,107.0843
Vung Tau,2026-03-22 09:00:00,26.05,78,1009,7.17,120,10000,14,10.346,107.0843
Vung Tau,2026-03-22 12:00:00,25.55,81,1011,8.8,105,10000,27,10.346,107.0843
Vung Tau,2026-03-22 15:00:00,25.31,82,1012,9.9,102,10000,31,10.346,107.0843
Vung Tau,2026-03-22 18:00:00,25.08,84,1010,10.67,102,10000,38,10.346,107.0843
Vung Tau,2026-03-22 21:00:00,25.15,81,1010,8.57,98,10000,100,10.346,107.0843
Vung Tau,2026-03-23 00:00:00,25.25,78,1012,7.89,85,10000,100,10.346,107.0843
Vung Tau,2026-03-23 03:00:00,26.66,71,1013,8.28,95,10000,86,10.346,107.0843
Vung Tau,2026-03-23 06:00:00,26.56,73,1010,9.69,111,10000,54,10.346,107.0843
Vung Tau,2026-03-23 09:00:00,26.24,73,1008,7.65,123,10000,28,10.346,107.0843
Vung Tau,2026-03-23 12:00:00,25.54,77,1010,8.49,110,10000,20,10.346,107.0843
Quy Nhon,2026-03-18 15:00:00,21.68,85,1015,1.29,274,10000,0,13.7667,109.2333
Quy Nhon,2026-03-18 18:00:00,21.31,87,1014,1.75,273,10000,0,13.7667,109.2333
Quy Nhon,2026-03-18 21:00:00,20.7,89,1014,1.76,269,10000,7,13.7667,109.2333
Quy Nhon,2026-03-19 00:00:00,21.55,84,1014,1.2,261,10000,10,13.7667,109.2333
Quy Nhon,2026-03-19 03:00:00,25.5,69,1015,1.76,99,10000,12,13.7667,109.2333
Quy Nhon,2026-03-19 06:00:00,26.24,65,1012,4.23,108,10000,11,13.7667,109.2333
Quy Nhon,2026-03-19 09:00:00,25.37,70,1011,3.61,99,10000,11,13.7667,109.2333
Quy Nhon,2026-03-19 12:00:00,23.1,83,1013,0.34,315,10000,10,13.7667,109.2333
Quy Nhon,2026-03-19 15:00:00,22.24,84,1014,1.22,271,10000,2,13.7667,109.2333
Quy Nhon,2026-03-19 18:00:00,21.39,87,1013,1.75,267,10000,3,13.7667,109.2333
Quy Nhon,2026-03-19 21:00:00,20.92,88,1012,1.63,260,10000,6,13.7667,109.2333
Quy Nhon,2026-03-20 00:00:00,22.39,82,1014,1.62,241,10000,9,13.7667,109.2333
Quy Nhon,2026-03-20 03:00:00,26.69,63,1015,2.84,131,10000,78,13.7667,109.2333
Quy Nhon,2026-03-20 06:00:00,26.81,63,1012,4.46,110,10000,44,13.7667,109.2333
Quy Nhon,2026-03-20 09:00:00,25.99,68,1011,3.54,123,10000,3,13.7667,109.2333
Quy Nhon,2026-03-20 12:00:00,23.3,86,1013,1.8,164,10000,3,13.7667,109.2333
Quy Nhon,2026-03-20 15:00:00,22.61,89,1014,1.49,232,10000,44,13.7667,109.2333
Quy Nhon,2026-03-20 18:00:00,21.74,91,1013,1.57,250,10000,72,13.7667,109.2333
Quy Nhon,2026-03-20 21:00:00,21.49,91,1013,1.82,261,10000,63,13.7667,109.2333
Quy Nhon,2026-03-21 00:00:00,22.84,85,1015,1.68,265,10000,79,13.7667,109.2333
Quy Nhon,2026-03-21 03:00:00,26.84,65,1015,1.85,107,10000,44,13.7667,109.2333
Quy Nhon,2026-03-21 06:00:00,27.53,63,1013,3.56,97,10000,42,13.7667,109.2333
Quy Nhon,2026-03-21 09:00:00,26.55,69,1012,3.55,94,10000,10,13.7667,109.2333
Quy Nhon,2026-03-21 12:00:00,24.06,85,1013,0.6,121,10000,5,13.7667,109.2333
Quy Nhon,2026-03-21 15:00:00,23.25,89,1014,0.06,261,10000,0,13.7667,109.2333
Quy Nhon,2026-03-21 18:00:00,23.54,86,1013,1.02,317,10000,44,13.7667,109.2333
Quy Nhon,2026-03-21 21:00:00,23.49,87,1012,1.09,329,10000,100,13.7667,109.2333
Quy Nhon,2026-03-22 00:00:00,24.04,85,1014,1.77,338,10000,100,13.7667,109.2333
Quy Nhon,2026-03-22 03:00:00,27.27,67,1015,2.64,51,10000,70,13.7667,109.2333
Quy Nhon,2026-03-22 06:00:00,27.35,66,1013,4.15,88,10000,47,13.7667,109.2333
Quy Nhon,2026-03-22 09:00:00,26.12,72,1011,3.31,91,10000,1,13.7667,109.2333
Quy Nhon,2026-03-22 12:00:00,23.75,86,1013,1.08,102,10000,2,13.7667,109.2333
Quy Nhon,2026-03-22 15:00:00,22.98,88,1014,1.49,287,10000,15,13.7667,109.2333
Quy Nhon,2026-03-22 18:00:00,21.87,90,1012,1.8,298,10000,19,13.7667,109.2333
Quy Nhon,2026-03-22 21:00:00,21.33,92,1012,2.05,289,10000,55,13.7667,109.2333
Quy Nhon,2026-03-23 00:00:00,22.46,87,1013,1.66,302,10000,60,13.7667,109.2333
Quy Nhon,2026-03-23 03:00:00,25.83,71,1014,1.94,50,10000,68,13.7667,109.2333
Quy Nhon,2026-03-23 06:00:00,26.68,66,1011,3.31,85,10000,64,13.7667,109.2333
Quy Nhon,2026-03-23 09:00:00,26.09,68,1010,3.01,96,10000,0,13.7667,109.2333
Quy Nhon,2026-03-23 12:00:00,23.47,83,1012,0.07,254,10000,0,13.7667,109.2333
Phan Thiet,2026-03-18 15:00:00,23.74,83,1013,5.01,86,10000,3,10.9333,108.1
Phan Thiet,2026-03-18 18:00:00,23.41,83,1013,3.91,75,10000,3,10.9333,108.1
Phan Thiet,2026-03-18 21:00:00,22.33,85,1012,3.02,54,10000,44,10.9333,108.1
Phan Thiet,2026-03-19 00:00:00,23.25,76,1013,3.36,59,10000,50,10.9333,108.1
Phan Thiet,2026-03-19 03:00:00,28.96,51,1014,5.59,98,10000,100,10.9333,108.1
Phan Thiet,2026-03-19 06:00:00,29.67,50,1011,6.38,118,10000,59,10.9333,108.1
Phan Thiet,2026-03-19 09:00:00,28.04,57,1010,5.68,108,10000,2,10.9333,108.1
Phan Thiet,2026-03-19 12:00:00,24.13,79,1011,4.1,83,10000,3,10.9333,108.1
Phan Thiet,2026-03-19 15:00:00,23.89,83,1013,5.03,83,10000,8,10.9333,108.1
Phan Thiet,2026-03-19 18:00:00,22.94,84,1012,3.77,73,10000,7,10.9333,108.1
Phan Thiet,2026-03-19 21:00:00,22.19,86,1011,3.26,59,10000,14,10.9333,108.1
Phan Thiet,2026-03-20 00:00:00,23.8,74,1013,2.71,56,10000,29,10.9333,108.1
Phan Thiet,2026-03-20 03:00:00,28.91,54,1014,5.55,100,10000,89,10.9333,108.1
Phan Thiet,2026-03-20 06:00:00,29.99,49,1011,6.08,125,10000,65,10.9333,108.1
Phan Thiet,2026-03-20 09:00:00,28.18,59,1010,5.61,104,10000,2,10.9333,108.1
Phan Thiet,2026-03-20 12:00:00,24.64,83,1012,4.19,81,10000,23,10.9333,108.1
Phan Thiet,2026-03-20 15:00:00,23.59,90,1013,3.56,72,10000,16,10.9333,108.1
Phan Thiet,2026-03-20 18:00:00,23.08,90,1012,3.45,74,10000,11,10.9333,108.1
Phan Thiet,2026-03-20 21:00:00,22.31,91,1012,3.13,56,10000,39,10.9333,108.1
Phan Thiet,2026-03-21 00:00:00,23.92,78,1014,3.07,43,10000,69,10.9333,108.1
Phan Thiet,2026-03-21 03:00:00,29.74,51,1014,5.13,95,10000,41,10.9333,108.1
Phan Thiet,2026-03-21 06:00:00,30.69,50,1011,7.06,122,10000,25,10.9333,108.1
Phan Thiet,2026-03-21 09:00:00,26.75,69,1011,5.62,100,10000,52,10.9333,108.1
Phan Thiet,2026-03-21 12:00:00,24.47,86,1012,4.39,85,10000,46,10.9333,108.1
Phan Thiet,2026-03-21 15:00:00,24.35,88,1013,6.12,87,10000,0,10.9333,108.1
Phan Thiet,2026-03-21 18:00:00,23.34,90,1012,4.45,75,10000,6,10.9333,108.1
Phan Thiet,2026-03-21 21:00:00,22.25,89,1011,3.34,55,10000,18,10.9333,108.1
Phan Thiet,2026-03-22 00:00:00,24.12,75,1013,2.68,33,10000,37,10.9333,108.1
Phan Thiet,2026-03-22 03:00:00,29.78,56,1013,6.07,95,10000,24,10.9333,108.1
Phan Thiet,2026-03-22 06:00:00,30.33,57,1010,7.59,112,10000,47,10.9333,108.1
Phan Thiet,2026-03-22 09:00:00,27.86,68,1010,6.8,100,10000,93,10.9333,108.1
Phan Thiet,2026-03-22 12:00:00,24.58,90,1011,6.14,81,10000,72,10.9333,108.1
Phan Thiet,2026-03-22 15:00:00,24.22,88,1012,6.18,80,10000,61,10.9333,108.1
Phan Thiet,2026-03-22 18:00:00,23.31,91,1011,4.87,75,10000,64,10.9333,108.1
Phan Thiet,2026-03-22 21:00:00,22.41,91,1010,3.76,65,10000,95,10.9333,108.1
Phan Thiet,2026-03-23 00:00:00,23.97,80,1012,3.24,41,10000,70,10.9333,108.1
Phan Thiet,2026-03-23 03:00:00,29.8,52,1012,6.45,97,10000,47,10.9333,108.1
Phan Thiet,2026-03-23 06:00:00,30.11,54,1009,7.27,113,10000,73,10.9333,108.1
Phan Thiet,2026-03-23 09:00:00,27.53,68,1009,6.41,99,10000,100,10.9333,108.1
Phan Thiet,2026-03-23 12:00:00,24.39,85,1011,4.7,83,10000,100,10.9333,108.1
Buon Ma Thuot,2026-03-18 15:00:00,20.72,83,1013,2.88,104,10000,0,12.6667,108.05
Buon Ma Thuot,2026-03-18 18:00:00,20.08,87,1013,2.43,110,10000,0,12.6667,108.05
Buon Ma Thuot,2026-03-18 21:00:00,18.81,89,1012,1.99,110,10000,14,12.6667,108.05
Buon Ma Thuot,2026-03-19 00:00:00,20.01,73,1014,1.07,108,10000,50,12.6667,108.05
Buon Ma Thuot,2026-03-19 03:00:00,30.11,33,1014,1.73,46,10000,23,12.6667,108.05
Buon Ma Thuot,2026-03-19 06:00:00,34.1,27,1010,2.11,337,10000,15,12.6667,108.05
Buon Ma Thuot,2026-03-19 09:00:00,34.26,27,1007,1.53,325,10000,10,12.6667,108.05
Buon Ma Thuot,2026-03-19 12:00:00,26.3,52,1010,3.89,80,10000,26,12.6667,108.05
Buon Ma Thuot,2026-03-19 15:00:00,21.52,78,1013,3.79,100,10000,4,12.6667,108.05
Buon Ma Thuot,2026-03-19 18:00:00,19.71,83,1012,2.81,106,10000,4,12.6667,108.05
Buon Ma Thuot,2026-03-19 21:00:00,18.36,88,1012,1.57,118,10000,8,12.6667,108.05
Buon Ma Thuot,2026-03-20 00:00:00,20.15,78,1014,1.56,116,10000,13,12.6667,108.05
Buon Ma Thuot,2026-03-20 03:00:00,31.2,37,1014,0.61,45,10000,6,12.6667,108.05
Buon Ma Thuot,2026-03-20 06:00:00,35.28,27,1010,2.12,334,10000,6,12.6667,108.05
Buon Ma Thuot,2026-03-20 09:00:00,34.12,29,1007,2.56,10,10000,36,12.6667,108.05
Buon Ma Thuot,2026-03-20 12:00:00,26.75,51,1011,3.41,102,10000,48,12.6667,108.05
Buon Ma Thuot,2026-03-20 15:00:00,22.08,72,1013,2.67,97,10000,12,12.6667,108.05
Buon Ma Thuot,2026-03-20 18:00:00,20.34,81,1013,1.69,108,10000,37,12.6667,108.05
Buon Ma Thuot,2026-03-20 21:00:00,19.05,86,1013,1.63,114,10000,61,12.6667,108.05
Buon Ma Thuot,2026-03-21 00:00:00,20.94,76,1014,1.9,107,10000,69,12.6667,108.05
Buon Ma Thuot,2026-03-21 03:00:00,31.13,33,1014,1.86,77,10000,54,12.6667,108.05
Buon Ma Thuot,2026-03-21 06:00:00,35.72,22,1010,2.05,63,10000,58,12.6667,108.05
Buon Ma Thuot,2026-03-21 09:00:00,34.01,25,1008,3.98,85,10000,32,12.6667,108.05
Buon Ma Thuot,2026-03-21 12:00:00,24.91,58,1011,4.74,79,10000,27,12.6667,108.05
Buon Ma Thuot,2026-03-21 15:00:00,21.94,77,1013,3.28,92,10000,2,12.6667,108.05
Buon Ma Thuot,2026-03-21 18:00:00,19.73,86,1013,1.94,97,10000,1,12.6667,108.05
Buon Ma Thuot,2026-03-21 21:00:00,18.7,90,1012,2.04,113,10000,2,12.6667,108.05
Buon Ma Thuot,2026-03-22 00:00:00,20.8,78,1014,2.4,105,10000,6,12.6667,108.05
Buon Ma Thuot,2026-03-22 03:00:00,30.58,38,1014,2.33,79,10000,19,12.6667,108.05
Buon Ma Thuot,2026-03-22 06:00:00,34.87,25,1009,3.26,64,10000,18,12.6667,108.05
Buon Ma Thuot,2026-03-22 09:00:00,34.05,26,1007,3.89,75,10000,34,12.6667,108.05
Buon Ma Thuot,2026-03-22 12:00:00,25.05,59,1010,4.98,84,10000,20,12.6667,108.05
Buon Ma Thuot,2026-03-22 15:00:00,21.27,86,1012,3.11,100,10000,4,12.6667,108.05
Buon Ma Thuot,2026-03-22 18:00:00,19.56,93,1012,2.21,104,10000,9,12.6667,108.05
Buon Ma Thuot,2026-03-22 21:00:00,18.71,91,1011,2.18,107,10000,43,12.6667,108.05
Buon Ma Thuot,2026-03-23 00:00:00,20.55,78,1013,2.0,100,10000,31,12.6667,108.05
Buon Ma Thuot,2026-03-23 03:00:00,31.05,32,1012,2.24,63,10000,27,12.6667,108.05
Buon Ma Thuot,2026-03-23 06:00:00,35.46,24,1008,2.8,66,10000,27,12.6667,108.05
Buon Ma Thuot,2026-03-23 09:00:00,34.48,23,1006,4.11,79,10000,9,12.6667,108.05
Buon Ma Thuot,2026-03-23 12:00:00,25.01,54,1009,4.14,81,10000,22,12.6667,108.05
Pleiku,2026-03-18 15:00:00,19.79,79,1014,1.99,70,10000,29,13.9833,108.0
Pleiku,2026-03-18 18:00:00,19.64,80,1014,1.65,75,10000,26,13.9833,108.0
Pleiku,2026-03-18 21:00:00,19.57,80,1013,1.66,97,10000,62,13.9833,108.0
Pleiku,2026-03-19 00:00:00,20.29,74,1015,0.49,52,10000,73,13.9833,108.0
Pleiku,2026-03-19 03:00:00,27.58,49,1015,0.41,241,10000,99,13.9833,108.0
Pleiku,2026-03-19 06:00:00,29.88,38,1010,2.04,231,10000,71,13.9833,108.0
Pleiku,2026-03-19 09:00:00,29.51,39,1009,1.63,157,10000,89,13.9833,108.0
Pleiku,2026-03-19 12:00:00,24.9,53,1011,2.56,80,10000,78,13.9833,108.0
Pleiku,2026-03-19 15:00:00,21.71,72,1013,2.48,84,10000,95,13.9833,108.0
Pleiku,2026-03-19 18:00:00,18.83,86,1012,2.09,89,10000,57,13.9833,108.0
Pleiku,2026-03-19 21:00:00,17.7,89,1013,0.81,191,10000,5,13.9833,108.0
Pleiku,2026-03-20 00:00:00,20.03,75,1014,0.61,88,10000,7,13.9833,108.0
Pleiku,2026-03-20 03:00:00,28.65,45,1014,1.74,246,10000,18,13.9833,108.0
Pleiku,2026-03-20 06:00:00,28.68,42,1011,2.38,209,10000,43,13.9833,108.0
Pleiku,2026-03-20 09:00:00,29.73,39,1009,3.35,115,10000,87,13.9833,108.0
Pleiku,2026-03-20 12:00:00,23.43,64,1012,2.11,51,10000,83,13.9833,108.0
Pleiku,2026-03-20 15:00:00,22.12,70,1014,1.63,68,10000,73,13.9833,108.0
Pleiku,2026-03-20 18:00:00,21.54,69,1013,1.09,93,10000,86,13.9833,108.0
Pleiku,2026-03-20 21:00:00,20.26,71,1013,1.16,96,10000,100,13.9833,108.0
Pleiku,2026-03-21 00:00:00,20.94,67,1015,1.08,126,10000,97,13.9833,108.0
Pleiku,2026-03-21 03:00:00,29.4,41,1015,1.34,170,10000,73,13.9833,108.0
Pleiku,2026-03-21 06:00:00,31.07,33,1011,1.62,175,10000,86,13.9833,108.0
Pleiku,2026-03-21 09:00:00,27.25,47,1010,1.36,55,10000,98,13.9833,108.0
Pleiku,2026-03-21 12:00:00,22.84,63,1013,3.0,82,10000,67,13.9833,108.0
Pleiku,2026-03-21 15:00:00,19.83,81,1014,2.51,70,10000,21,13.9833,108.0
Pleiku,2026-03-21 18:00:00,18.73,86,1013,1.88,71,10000,12,13.9833,108.0
Pleiku,2026-03-21 21:00:00,17.42,88,1013,1.67,78,10000,0,13.9833,108.0
Pleiku,2026-03-22 00:00:00,19.78,74,1015,1.46,77,10000,1,13.9833,108.0
Pleiku,2026-03-22 03:00:00,29.58,36,1015,1.7,121,10000,2,13.9833,108.0
Pleiku,2026-03-22 06:00:00,34.79,24,1010,1.58,145,10000,1,13.9833,108.0
Pleiku,2026-03-22 09:00:00,30.96,32,1008,4.07,107,10000,50,13.9833,108.0
Pleiku,2026-03-22 12:00:00,23.17,64,1012,3.2,79,10000,53,13.9833,108.0
Pleiku,2026-03-22 15:00:00,20.02,83,1014,2.43,73,10000,0,13.9833,108.0
Pleiku,2026-03-22 18:00:00,19.45,85,1012,1.96,66,10000,22,13.9833,108.0
Pleiku,2026-03-22 21:00:00,20.01,76,1011,1.25,91,10000,82,13.9833,108.0
Pleiku,2026-03-23 00:00:00,21.1,66,1013,0.84,97,10000,80,13.9833,108.0
Pleiku,2026-03-23 03:00:00,30.92,36,1013,0.97,128,10000,9,13.9833,108.0
Pleiku,2026-03-23 06:00:00,34.72,25,1008,2.2,150,10000,9,13.9833,108.0
Pleiku,2026-03-23 09:00:00,31.97,30,1007,2.01,131,10000,51,13.9833,108.0
Pleiku,2026-03-23 12:00:00,23.58,58,1011,2.89,92,10000,43,13.9833,108.0
Vinh,2026-03-18 15:00:00,22.65,88,1014,0.6,208,10000,45,18.6667,105.6667
Vinh,2026-03-18 18:00:00,22.22,90,1013,1.54,255,10000,43,18.6667,105.6667
Vinh,2026-03-18 21:00:00,21.48,92,1012,1.11,262,10000,28,18.6667,105.6667
Vinh,2026-03-19 00:00:00,21.8,89,1014,0.28,252,10000,24,18.6667,105.6667
Vinh,2026-03-19 03:00:00,25.84,71,1015,1.66,83,10000,56,18.6667,105.6667
Vinh,2026-03-19 06:00:00,27.94,62,1011,4.09,91,10000,48,18.6667,105.6667
Vinh,2026-03-19 09:00:00,25.71,71,1009,5.88,96,10000,28,18.6667,105.6667
Vinh,2026-03-19 12:00:00,23.05,83,1010,2.48,101,10000,42,18.6667,105.6667
Vinh,2026-03-19 15:00:00,22.31,86,1012,1.3,264,10000,14,18.6667,105.6667
Vinh,2026-03-19 18:00:00,21.44,90,1010,0.75,258,10000,9,18.6667,105.6667
Vinh,2026-03-19 21:00:00,20.88,93,1010,0.19,238,10000,6,18.6667,105.6667
Vinh,2026-03-20 00:00:00,21.8,88,1012,0.1,323,10000,5,18.6667,105.6667
Vinh,2026-03-20 03:00:00,26.59,67,1013,1.59,53,10000,8,18.6667,105.6667
Vinh,2026-03-20 06:00:00,27.75,68,1010,5.3,78,10000,7,18.6667,105.6667
Vinh,2026-03-20 09:00:00,24.8,82,1009,7.0,85,10000,41,18.6667,105.6667
Vinh,2026-03-20 12:00:00,22.93,91,1011,2.46,83,10000,53,18.6667,105.6667
Vinh,2026-03-20 15:00:00,22.66,93,1013,1.42,253,10000,43,18.6667,105.6667
Vinh,2026-03-20 18:00:00,22.64,93,1012,1.47,276,10000,53,18.6667,105.6667
Vinh,2026-03-20 21:00:00,22.46,93,1012,0.55,139,10000,45,18.6667,105.6667
Vinh,2026-03-21 00:00:00,22.78,90,1014,1.85,145,10000,46,18.6667,105.6667
Vinh,2026-03-21 03:00:00,27.43,67,1015,3.26,116,10000,38,18.6667,105.6667
Vinh,2026-03-21 06:00:00,26.76,71,1013,3.94,97,10000,65,18.6667,105.6667
Vinh,2026-03-21 09:00:00,26.89,69,1010,5.09,110,10000,63,18.6667,105.6667
Vinh,2026-03-21 12:00:00,23.65,86,1012,2.28,101,10000,53,18.6667,105.6667
Vinh,2026-03-21 15:00:00,23.33,89,1014,1.32,172,10000,80,18.6667,105.6667
Vinh,2026-03-21 18:00:00,22.63,92,1012,0.89,245,10000,88,18.6667,105.6667
Vinh,2026-03-21 21:00:00,22.25,93,1011,1.1,340,10000,71,18.6667,105.6667
Vinh,2026-03-22 00:00:00,22.88,90,1014,1.03,327,10000,78,18.6667,105.6667
Vinh,2026-03-22 03:00:00,25.9,76,1015,0.64,143,10000,72,18.6667,105.6667
Vinh,2026-03-22 06:00:00,26.32,76,1012,3.37,92,10000,81,18.6667,105.6667
Vinh,2026-03-22 09:00:00,26.24,76,1010,5.38,107,10000,74,18.6667,105.6667
Vinh,2026-03-22 12:00:00,23.16,88,1011,3.74,116,10000,48,18.6667,105.6667
Vinh,2026-03-22 15:00:00,22.92,90,1013,1.22,172,10000,44,18.6667,105.6667
Vinh,2026-03-22 18:00:00,22.21,92,1011,0.73,161,10000,34,18.6667,105.6667
Vinh,2026-03-22 21:00:00,21.36,95,1011,0.15,176,10000,0,18.6667,105.6667
Vinh,2026-03-23 00:00:00,22.18,91,1012,0.96,181,10000,1,18.6667,105.6667
Vinh,2026-03-23 03:00:00,26.38,72,1013,2.11,86,10000,32,18.6667,105.6667
Vinh,2026-03-23 06:00:00,27.98,68,1011,4.22,72,10000,41,18.6667,105.6667
Vinh,2026-03-23 09:00:00,26.5,72,1009,5.15,92,10000,36,18.6667,105.6667
Vinh,2026-03-23 12:00:00,23.53,86,1010,3.2,125,10000,37,18.6667,105.6667
Thai Nguyen,2026-03-18 15:00:00,22.7,84,1015,3.8,147,10000,87,21.5928,105.8442
Thai Nguyen,2026-03-18 18:00:00,22.12,87,1014,1.18,111,10000,81,21.5928,105.8442
Thai Nguyen,2026-03-18 21:00:00,21.47,90,1013,1.33,109,10000,86,21.5928,105.8442
Thai Nguyen,2026-03-19 00:00:00,21.48,90,1014,1.63,127,10000,94,21.5928,105.8442
Thai Nguyen,2026-03-19 03:00:00,22.63,81,1015,2.07,142,10000,100,21.5928,105.8442
Thai Nguyen,2026-03-19 06:00:00,25.12,71,1012,3.05,163,10000,100,21.5928,105.8442
Thai Nguyen,2026-03-19 09:00:00,26.38,63,1009,4.05,144,10000,100,21.5928,105.8442
Thai Nguyen,2026-03-19 12:00:00,24.36,71,1010,3.86,150,10000,93,21.5928,105.8442
Thai Nguyen,2026-03-19 15:00:00,21.89,85,1013,3.23,147,10000,96,21.5928,105.8442
Thai Nguyen,2026-03-19 18:00:00,20.83,94,1011,2.4,146,10000,92,21.5928,105.8442
Thai Nguyen,2026-03-19 21:00:00,20.89,93,1010,1.9,136,10000,83,21.5928,105.8442
Thai Nguyen,2026-03-20 00:00:00,21.37,92,1013,1.87,126,10000,88,21.5928,105.8442
Thai Nguyen,2026-03-20 03:00:00,24.71,74,1014,3.47,149,10000,96,21.5928,105.8442
Thai Nguyen,2026-03-20 06:00:00,24.86,71,1012,2.96,149,10000,98,21.5928,105.8442
Thai Nguyen,2026-03-20 09:00:00,25.04,73,1010,3.07,160,10000,100,21.5928,105.8442
Thai Nguyen,2026-03-20 12:00:00,23.93,78,1012,4.33,153,10000,100,21.5928,105.8442
Thai Nguyen,2026-03-20 15:00:00,22.65,83,1014,2.1,142,10000,98,21.5928,105.8442
Thai Nguyen,2026-03-20 18:00:00,22.09,87,1014,1.53,125,10000,100,21.5928,105.8442
Thai Nguyen,2026-03-20 21:00:00,21.29,90,1013,0.99,110,10000,100,21.5928,105.8442
Thai Nguyen,2026-03-21 00:00:00,21.64,86,1015,1.12,144,10000,100,21.5928,105.8442
Thai Nguyen,2026-03-21 03:00:00,23.3,77,1016,1.94,128,10000,100,21.5928,105.8442
Thai Nguyen,2026-03-21 06:00:00,24.03,76,1014,2.24,137,10000,100,21.5928,105.8442
Thai Nguyen,2026-03-21 09:00:00,23.24,86,1012,1.39,173,10000,100,21.5928,105.8442
Thai Nguyen,2026-03-21 12:00:00,23.01,85,1012,1.69,149,10000,98,21.5928,105.8442
Thai Nguyen,2026-03-21 15:00:00,22.64,83,1014,2.21,155,10000,100,21.5928,105.8442
Thai Nguyen,2026-03-21 18:00:00,21.58,88,1013,1.71,145,10000,100,21.5928,105.8442
Thai Nguyen,2026-03-21 21:00:00,21.33,91,1012,1.37,148,10000,100,21.5928,105.8442
Thai Nguyen,2026-03-22 00:00:00,21.47,91,1014,1.73,135,10000,100,21.5928,105.8442
Thai Nguyen,2026-03-22 03:00:00,23.03,86,1016,2.61,149,10000,100,21.5928,105.8442
Thai Nguyen,2026-03-22 06:00:00,26.09,72,1012,2.74,182,10000,100,21.5928,105.8442
Thai Nguyen,2026-03-22 09:00:00,26.48,69,1010,4.33,163,10000,99,21.5928,105.8442
Thai Nguyen,2026-03-22 12:00:00,23.66,80,1012,3.46,163,10000,83,21.5928,105.8442
Thai Nguyen,2026-03-22 15:00:00,22.41,83,1013,2.86,149,10000,77,21.5928,105.8442
Thai Nguyen,2026-03-22 18:00:00,21.41,88,1012,2.13,146,10000,82,21.5928,105.8442
Thai Nguyen,2026-03-22 21:00:00,21.27,90,1011,2.1,129,10000,100,21.5928,105.8442
Thai Nguyen,2026-03-23 00:00:00,21.26,92,1013,1.99,125,10000,100,21.5928,105.8442
Thai Nguyen,2026-03-23 03:00:00,24.55,77,1014,2.81,174,10000,98,21.5928,105.8442
Thai Nguyen,2026-03-23 06:00:00,25.77,71,1011,1.67,190,10000,99,21.5928,105.8442
Thai Nguyen,2026-03-23 09:00:00,28.29,59,1009,2.97,159,10000,86,21.5928,105.8442
Thai Nguyen,2026-03-23 12:00:00,24.69,72,1010,3.58,160,10000,84,21.5928,105.8442
Hai Duong,2026-03-18 15:00:00,22.65,88,1014,3.09,123,10000,4,20.9333,106.3167
Hai Duong,2026-03-18 18:00:00,22.24,90,1014,2.39,102,10000,3,20.9333,106.3167
Hai Duong,2026-03-18 21:00:00,21.55,93,1013,2.44,108,10000,13,20.9333,106.3167
Hai Duong,2026-03-19 00:00:00,21.44,88,1014,3.03,110,10000,49,20.9333,106.3167
Hai Duong,2026-03-19 03:00:00,24.22,64,1015,4.78,156,10000,96,20.9333,106.3167
Hai Duong,2026-03-19 06:00:00,25.74,65,1012,5.34,158,10000,97,20.9333,106.3167
Hai Duong,2026-03-19 09:00:00,27.04,59,1009,6.18,151,10000,79,20.9333,106.3167
Hai Duong,2026-03-19 12:00:00,22.56,81,1011,4.94,132,10000,87,20.9333,106.3167
Hai Duong,2026-03-19 15:00:00,21.25,91,1013,3.18,115,10000,93,20.9333,106.3167
Hai Duong,2026-03-19 18:00:00,20.65,96,1011,3.67,123,10000,80,20.9333,106.3167
Hai Duong,2026-03-19 21:00:00,20.31,97,1010,2.93,114,10000,29,20.9333,106.3167
Hai Duong,2026-03-20 00:00:00,21.59,91,1013,2.94,111,10000,35,20.9333,106.3167
Hai Duong,2026-03-20 03:00:00,25.28,69,1014,4.91,157,10000,100,20.9333,106.3167
Hai Duong,2026-03-20 06:00:00,26.44,63,1012,5.92,160,10000,100,20.9333,106.3167
Hai Duong,2026-03-20 09:00:00,25.59,69,1010,6.86,146,10000,100,20.9333,106.3167
Hai Duong,2026-03-20 12:00:00,23.19,78,1012,3.79,141,10000,84,20.9333,106.3167
Hai Duong,2026-03-20 15:00:00,21.63,87,1014,2.84,141,10000,40,20.9333,106.3167
Hai Duong,2026-03-20 18:00:00,20.86,88,1013,2.62,114,10000,23,20.9333,106.3167
Hai Duong,2026-03-20 21:00:00,20.87,87,1013,3.32,96,10000,51,20.9333,106.3167
Hai Duong,2026-03-21 00:00:00,21.78,81,1014,3.42,102,10000,77,20.9333,106.3167
Hai Duong,2026-03-21 03:00:00,25.93,67,1016,4.44,143,10000,100,20.9333,106.3167
Hai Duong,2026-03-21 06:00:00,25.8,68,1013,4.21,164,10000,100,20.9333,106.3167
Hai Duong,2026-03-21 09:00:00,26.13,64,1012,5.06,155,10000,99,20.9333,106.3167
Hai Duong,2026-03-21 12:00:00,22.99,78,1012,3.73,135,10000,94,20.9333,106.3167
Hai Duong,2026-03-21 15:00:00,22.46,82,1014,3.59,135,10000,61,20.9333,106.3167
Hai Duong,2026-03-21 18:00:00,22.07,85,1013,2.63,128,10000,77,20.9333,106.3167
Hai Duong,2026-03-21 21:00:00,20.78,91,1012,2.8,128,10000,62,20.9333,106.3167
Hai Duong,2026-03-22 00:00:00,22.05,88,1014,3.48,118,10000,35,20.9333,106.3167
Hai Duong,2026-03-22 03:00:00,27.04,64,1015,5.73,165,10000,44,20.9333,106.3167
Hai Duong,2026-03-22 06:00:00,28.88,56,1012,6.76,169,10000,70,20.9333,106.3167
Hai Duong,2026-03-22 09:00:00,26.65,63,1011,6.29,152,10000,97,20.9333,106.3167
Hai Duong,2026-03-22 12:00:00,23.27,76,1012,4.4,142,10000,70,20.9333,106.3167
Hai Duong,2026-03-22 15:00:00,21.84,83,1013,3.0,128,10000,4,20.9333,106.3167
Hai Duong,2026-03-22 18:00:00,21.19,89,1012,2.8,131,10000,2,20.9333,106.3167
Hai Duong,2026-03-22 21:00:00,20.69,95,1011,2.5,121,10000,1,20.9333,106.3167
Hai Duong,2026-03-23 00:00:00,21.82,92,1013,2.75,127,10000,3,20.9333,106.3167
Hai Duong,2026-03-23 03:00:00,28.01,57,1013,5.61,173,10000,37,20.9333,106.3167
Hai Duong,2026-03-23 06:00:00,30.27,49,1011,6.75,173,10000,50,20.9333,106.3167
Hai Duong,2026-03-23 09:00:00,28.68,54,1009,6.85,154,10000,61,20.9333,106.3167
Hai Duong,2026-03-23 12:00:00,23.76,77,1011,5.05,139,10000,40,20.9333,106.3167
Nam Dinh,2026-03-18 15:00:00,22.7,88,1014,2.89,142,10000,6,20.4167,106.1667
Nam Dinh,2026-03-18 18:00:00,22.34,91,1014,1.81,140,10000,6,20.4167,106.1667
Nam Dinh,2026-03-18 21:00:00,21.79,93,1013,1.95,110,10000,19,20.4167,106.1667
Nam Dinh,2026-03-19 00:00:00,22.06,86,1014,2.4,107,10000,62,20.4167,106.1667
Nam Dinh,2026-03-19 03:00:00,25.02,61,1015,4.85,155,10000,97,20.4167,106.1667
Nam Dinh,2026-03-19 06:00:00,26.31,61,1012,5.27,154,10000,97,20.4167,106.1667
Nam Dinh,2026-03-19 09:00:00,26.56,62,1009,6.11,145,10000,78,20.4167,106.1667
Nam Dinh,2026-03-19 12:00:00,23.0,83,1010,4.16,146,10000,58,20.4167,106.1667
Nam Dinh,2026-03-19 15:00:00,22.27,91,1013,2.86,156,10000,100,20.4167,106.1667
Nam Dinh,2026-03-19 18:00:00,21.37,95,1011,2.41,137,10000,72,20.4167,106.1667
Nam Dinh,2026-03-19 21:00:00,20.95,97,1010,2.17,128,10000,15,20.4167,106.1667
Nam Dinh,2026-03-20 00:00:00,22.65,88,1012,2.6,161,10000,24,20.4167,106.1667
Nam Dinh,2026-03-20 03:00:00,26.6,64,1014,6.19,158,10000,72,20.4167,106.1667
Nam Dinh,2026-03-20 06:00:00,26.22,66,1012,6.32,153,10000,84,20.4167,106.1667
Nam Dinh,2026-03-20 09:00:00,25.71,69,1010,6.07,136,10000,95,20.4167,106.1667
Nam Dinh,2026-03-20 12:00:00,23.69,82,1012,4.03,126,10000,96,20.4167,106.1667
Nam Dinh,2026-03-20 15:00:00,22.47,87,1014,3.5,117,10000,94,20.4167,106.1667
Nam Dinh,2026-03-20 18:00:00,21.55,89,1013,2.51,104,10000,74,20.4167,106.1667
Nam Dinh,2026-03-20 21:00:00,21.61,88,1012,2.76,98,10000,78,20.4167,106.1667
Nam Dinh,2026-03-21 00:00:00,22.43,86,1014,3.0,106,10000,75,20.4167,106.1667
Nam Dinh,2026-03-21 03:00:00,24.74,77,1016,4.9,137,10000,96,20.4167,106.1667
Nam Dinh,2026-03-21 06:00:00,25.49,70,1014,5.3,147,10000,98,20.4167,106.1667
Nam Dinh,2026-03-21 09:00:00,25.82,67,1011,5.39,128,10000,96,20.4167,106.1667
Nam Dinh,2026-03-21 12:00:00,23.23,79,1012,3.41,120,10000,95,20.4167,106.1667
Nam Dinh,2026-03-21 15:00:00,22.3,86,1014,2.49,122,10000,56,20.4167,106.1667
Nam Dinh,2026-03-21 18:00:00,22.51,86,1013,2.26,134,10000,80,20.4167,106.1667
Nam Dinh,2026-03-21 21:00:00,21.85,94,1012,2.03,134,10000,48,20.4167,106.1667
Nam Dinh,2026-03-22 00:00:00,22.99,89,1014,2.96,144,10000,55,20.4167,106.1667
Nam Dinh,2026-03-22 03:00:00,26.52,67,1016,5.78,160,10000,55,20.4167,106.1667
Nam Dinh,2026-03-22 06:00:00,26.76,64,1013,6.89,157,10000,79,20.4167,106.1667
Nam Dinh,2026-03-22 09:00:00,26.41,64,1011,6.19,151,10000,86,20.4167,106.1667
Nam Dinh,2026-03-22 12:00:00,23.19,81,1012,3.21,127,10000,56,20.4167,106.1667
Nam Dinh,2026-03-22 15:00:00,22.25,89,1013,2.95,138,10000,1,20.4167,106.1667
Nam Dinh,2026-03-22 18:00:00,21.78,93,1012,2.47,160,10000,0,20.4167,106.1667
Nam Dinh,2026-03-22 21:00:00,21.22,95,1011,2.02,168,10000,0,20.4167,106.1667
Nam Dinh,2026-03-23 00:00:00,22.57,90,1013,2.46,157,10000,1,20.4167,106.1667
Nam Dinh,2026-03-23 03:00:00,27.46,61,1014,5.86,163,10000,48,20.4167,106.1667
Nam Dinh,2026-03-23 06:00:00,28.28,57,1011,6.52,161,10000,59,20.4167,106.1667
Nam Dinh,2026-03-23 09:00:00,27.18,60,1009,6.17,148,10000,70,20.4167,106.1667
Nam Dinh,2026-03-23 12:00:00,23.83,78,1011,2.82,140,10000,40,20.4167,106.1667
Long Xuyen,2026-03-18 15:00:00,25.41,73,1012,4.22,139,10000,24,10.3833,105.4167
Long Xuyen,2026-03-18 18:00:00,24.99,77,1012,2.26,138,10000,21,10.3833,105.4167
Long Xuyen,2026-03-18 21:00:00,23.84,86,1011,1.86,141,10000,15,10.3833,105.4167
Long Xuyen,2026-03-19 00:00:00,24.24,85,1013,2.17,128,10000,19,10.3833,105.4167
Long Xuyen,2026-03-19 03:00:00,29.68,46,1013,3.42,121,10000,17,10.3833,105.4167
Long Xuyen,2026-03-19 06:00:00,34.21,31,1009,2.45,119,10000,13,10.3833,105.4167
Long Xuyen,2026-03-19 09:00:00,37.47,25,1006,3.65,128,10000,32,10.3833,105.4167
Long Xuyen,2026-03-19 12:00:00,28.96,59,1010,5.48,223,10000,65,10.3833,105.4167
Long Xuyen,2026-03-19 15:00:00,26.29,66,1012,4.34,166,10000,23,10.3833,105.4167
Long Xuyen,2026-03-19 18:00:00,23.98,81,1012,3.23,152,10000,12,10.3833,105.4167
Long Xuyen,2026-03-19 21:00:00,22.85,86,1011,1.91,141,10000,26,10.3833,105.4167
Long Xuyen,2026-03-20 00:00:00,24.05,79,1013,2.63,124,10000,46,10.3833,105.4167
Long Xuyen,2026-03-20 03:00:00,31.14,47,1013,3.69,127,10000,5,10.3833,105.4167
Long Xuyen,2026-03-20 06:00:00,35.83,34,1009,2.82,153,10000,8,10.3833,105.4167
Long Xuyen,2026-03-20 09:00:00,34.44,36,1007,6.63,151,10000,80,10.3833,105.4167
Long Xuyen,2026-03-20 12:00:00,28.78,59,1010,5.67,217,10000,89,10.3833,105.4167
Long Xuyen,2026-03-20 15:00:00,26.7,67,1013,3.37,179,10000,75,10.3833,105.4167
Long Xuyen,2026-03-20 18:00:00,24.31,73,1012,2.27,156,10000,40,10.3833,105.4167
Long Xuyen,2026-03-20 21:00:00,23.29,83,1011,2.7,150,10000,12,10.3833,105.4167
Long Xuyen,2026-03-21 00:00:00,24.41,81,1013,3.23,123,10000,56,10.3833,105.4167
Long Xuyen,2026-03-21 03:00:00,31.71,45,1013,3.74,116,10000,100,10.3833,105.4167
Long Xuyen,2026-03-21 06:00:00,36.49,33,1009,2.78,122,10000,81,10.3833,105.4167
Long Xuyen,2026-03-21 09:00:00,34.16,38,1007,5.0,110,10000,77,10.3833,105.4167
Long Xuyen,2026-03-21 12:00:00,27.34,69,1010,5.01,211,10000,82,10.3833,105.4167
Long Xuyen,2026-03-21 15:00:00,26.13,65,1012,3.51,144,10000,54,10.3833,105.4167
Long Xuyen,2026-03-21 18:00:00,24.33,74,1012,2.75,154,10000,27,10.3833,105.4167
Long Xuyen,2026-03-21 21:00:00,23.53,83,1011,2.43,145,10000,20,10.3833,105.4167
Long Xuyen,2026-03-22 00:00:00,24.77,81,1012,2.9,126,10000,8,10.3833,105.4167
Long Xuyen,2026-03-22 03:00:00,32.5,42,1013,4.66,112,10000,41,10.3833,105.4167
Long Xuyen,2026-03-22 06:00:00,36.75,31,1009,3.89,119,10000,25,10.3833,105.4167
Long Xuyen,2026-03-22 09:00:00,35.06,34,1006,6.5,110,10000,79,10.3833,105.4167
Long Xuyen,2026-03-22 12:00:00,29.39,58,1010,3.98,202,10000,83,10.3833,105.4167
Long Xuyen,2026-03-22 15:00:00,26.39,63,1012,3.89,131,10000,68,10.3833,105.4167
Long Xuyen,2026-03-22 18:00:00,24.25,79,1010,2.39,148,10000,40,10.3833,105.4167
Long Xuyen,2026-03-22 21:00:00,23.31,87,1010,1.58,148,10000,2,10.3833,105.4167
Long Xuyen,2026-03-23 00:00:00,24.65,82,1012,2.76,121,10000,5,10.3833,105.4167
Long Xuyen,2026-03-23 03:00:00,31.72,47,1012,4.44,121,10000,23,10.3833,105.4167
Long Xuyen,2026-03-23 06:00:00,36.88,33,1008,2.95,102,10000,31,10.3833,105.4167
Long Xuyen,2026-03-23 09:00:00,31.57,46,1007,6.4,178,10000,99,10.3833,105.4167
Long Xuyen,2026-03-23 12:00:00,29.86,53,1009,4.58,176,10000,84,10.3833,105.4167
Rach Gia,2026-03-18 15:00:00,26.58,70,1012,5.57,146,10000,36,10.0167,105.0833
Rach Gia,2026-03-18 18:00:00,26.07,73,1012,3.13,129,10000,31,10.0167,105.0833
Rach Gia,2026-03-18 21:00:00,25.01,80,1011,3.27,117,10000,17,10.0167,105.0833
Rach Gia,2026-03-19 00:00:00,24.23,85,1013,3.26,113,10000,15,10.0167,105.0833
Rach Gia,2026-03-19 03:00:00,28.74,55,1014,2.54,111,10000,11,10.0167,105.0833
Rach Gia,2026-03-19 06:00:00,30.29,54,1010,3.15,260,10000,7,10.0167,105.0833
Rach Gia,2026-03-19 09:00:00,30.18,59,1007,6.84,253,10000,12,10.0167,105.0833
Rach Gia,2026-03-19 12:00:00,27.56,73,1010,6.14,221,10000,17,10.0167,105.0833
Rach Gia,2026-03-19 15:00:00,27.03,73,1013,5.04,181,10000,9,10.0167,105.0833
Rach Gia,2026-03-19 18:00:00,25.67,78,1012,3.96,140,10000,6,10.0167,105.0833
Rach Gia,2026-03-19 21:00:00,24.72,82,1011,3.44,123,10000,61,10.0167,105.0833
Rach Gia,2026-03-20 00:00:00,24.49,81,1013,3.81,105,10000,64,10.0167,105.0833
Rach Gia,2026-03-20 03:00:00,28.78,56,1013,3.01,124,10000,6,10.0167,105.0833
Rach Gia,2026-03-20 06:00:00,30.13,54,1010,3.01,249,10000,6,10.0167,105.0833
Rach Gia,2026-03-20 09:00:00,28.94,63,1008,6.35,235,10000,38,10.0167,105.0833
Rach Gia,2026-03-20 12:00:00,27.62,72,1010,5.98,230,10000,42,10.0167,105.0833
Rach Gia,2026-03-20 15:00:00,27.09,73,1013,3.97,186,10000,30,10.0167,105.0833
Rach Gia,2026-03-20 18:00:00,25.93,70,1012,2.93,149,10000,24,10.0167,105.0833
Rach Gia,2026-03-20 21:00:00,25.03,77,1011,3.48,131,10000,8,10.0167,105.0833
Rach Gia,2026-03-21 00:00:00,24.85,82,1013,4.09,113,10000,48,10.0167,105.0833
Rach Gia,2026-03-21 03:00:00,29.23,57,1014,3.18,105,10000,100,10.0167,105.0833
Rach Gia,2026-03-21 06:00:00,31.25,52,1010,2.36,251,10000,68,10.0167,105.0833
Rach Gia,2026-03-21 09:00:00,29.96,66,1007,6.34,258,10000,47,10.0167,105.0833
Rach Gia,2026-03-21 12:00:00,26.39,82,1010,6.44,207,10000,73,10.0167,105.0833
Rach Gia,2026-03-21 15:00:00,27.46,65,1012,5.14,142,10000,30,10.0167,105.0833
Rach Gia,2026-03-21 18:00:00,25.63,74,1012,4.28,125,10000,23,10.0167,105.0833
Rach Gia,2026-03-21 21:00:00,24.97,81,1011,3.94,121,10000,34,10.0167,105.0833
Rach Gia,2026-03-22 00:00:00,25.06,82,1012,3.99,113,10000,17,10.0167,105.0833
Rach Gia,2026-03-22 03:00:00,29.72,57,1013,4.52,109,10000,10,10.0167,105.0833
Rach Gia,2026-03-22 06:00:00,31.96,51,1009,1.43,223,10000,6,10.0167,105.0833
Rach Gia,2026-03-22 09:00:00,30.87,60,1007,6.68,238,10000,63,10.0167,105.0833
Rach Gia,2026-03-22 12:00:00,28.6,72,1010,5.48,218,10000,84,10.0167,105.0833
Rach Gia,2026-03-22 15:00:00,27.42,68,1012,5.86,140,10000,51,10.0167,105.0833
Rach Gia,2026-03-22 18:00:00,25.76,76,1011,3.57,121,10000,26,10.0167,105.0833
Rach Gia,2026-03-22 21:00:00,25.01,82,1010,2.97,112,10000,0,10.0167,105.0833
Rach Gia,2026-03-23 00:00:00,25.07,83,1012,3.41,107,10000,1,10.0167,105.0833
Rach Gia,2026-03-23 03:00:00,29.62,55,1012,4.3,112,10000,4,10.0167,105.0833
Rach Gia,2026-03-23 06:00:00,31.43,52,1008,2.71,250,10000,2,10.0167,105.0833
Rach Gia,2026-03-23 09:00:00,30.94,59,1007,5.04,172,8792,99,10.0167,105.0833
Rach Gia,2026-03-23 12:00:00,28.14,71,1009,5.48,218,10000,98,10.0167,105.0833
Ca Mau,2026-03-18 15:00:00,25.04,78,1013,2.23,123,10000,1,9.1769,105.15
Ca Mau,2026-03-18 18:00:00,24.6,81,1013,0.93,125,10000,5,9.1769,105.15
Ca Mau,2026-03-18 21:00:00,23.67,85,1012,1.1,76,10000,14,9.1769,105.15
Ca Mau,2026-03-19 00:00:00,24.59,80,1013,1.51,79,10000,44,9.1769,105.15
Ca Mau,2026-03-19 03:00:00,31.35,43,1013,4.13,102,10000,18,9.1769,105.15
Ca Mau,2026-03-19 06:00:00,34.64,36,1010,6.66,111,10000,20,9.1769,105.15
Ca Mau,2026-03-19 09:00:00,30.64,51,1009,1.77,98,10000,72,9.1769,105.15
Ca Mau,2026-03-19 12:00:00,26.72,67,1010,2.64,128,10000,48,9.1769,105.15
Ca Mau,2026-03-19 15:00:00,24.88,83,1013,1.71,117,10000,1,9.1769,105.15
Ca Mau,2026-03-19 18:00:00,23.71,89,1011,1.42,132,10000,2,9.1769,105.15
Ca Mau,2026-03-19 21:00:00,22.96,90,1011,1.12,119,10000,4,9.1769,105.15
Ca Mau,2026-03-20 00:00:00,24.63,79,1012,2.08,92,10000,6,9.1769,105.15
Ca Mau,2026-03-20 03:00:00,31.89,43,1013,4.01,100,10000,61,9.1769,105.15
Ca Mau,2026-03-20 06:00:00,35.12,34,1010,6.32,109,10000,37,9.1769,105.15
Ca Mau,2026-03-20 09:00:00,31.56,47,1009,1.84,107,10000,77,9.1769,105.15
Ca Mau,2026-03-20 12:00:00,26.46,65,1011,3.13,126,10000,52,9.1769,105.15
Ca Mau,2026-03-20 15:00:00,24.9,76,1013,1.68,135,10000,55,9.1769,105.15
Ca Mau,2026-03-20 18:00:00,23.64,82,1012,1.11,139,10000,39,9.1769,105.15
Ca Mau,2026-03-20 21:00:00,23.13,85,1011,1.33,120,10000,73,9.1769,105.15
Ca Mau,2026-03-21 00:00:00,24.96,80,1013,1.81,108,10000,86,9.1769,105.15
Ca Mau,2026-03-21 03:00:00,32.33,45,1013,4.0,91,10000,76,9.1769,105.15
Ca Mau,2026-03-21 06:00:00,36.03,33,1010,6.77,106,10000,67,9.1769,105.15
Ca Mau,2026-03-21 09:00:00,30.66,54,1009,1.21,138,10000,78,9.1769,105.15
Ca Mau,2026-03-21 12:00:00,27.09,70,1011,3.77,116,10000,86,9.1769,105.15
Ca Mau,2026-03-21 15:00:00,25.42,77,1013,2.43,107,10000,19,9.1769,105.15
Ca Mau,2026-03-21 18:00:00,24.43,82,1012,1.69,107,10000,20,9.1769,105.15
Ca Mau,2026-03-21 21:00:00,23.68,86,1011,1.22,110,10000,4,9.1769,105.15
Ca Mau,2026-03-22 00:00:00,25.52,78,1012,2.48,106,10000,7,9.1769,105.15
Ca Mau,2026-03-22 03:00:00,32.27,45,1013,5.15,98,10000,0,9.1769,105.15
Ca Mau,2026-03-22 06:00:00,34.87,35,1010,6.7,105,10000,11,9.1769,105.15
Ca Mau,2026-03-22 09:00:00,32.0,42,1008,5.77,116,10000,55,9.1769,105.15
Ca Mau,2026-03-22 12:00:00,26.46,69,1010,3.22,124,10000,33,9.1769,105.15
Ca Mau,2026-03-22 15:00:00,25.27,75,1012,1.36,111,10000,1,9.1769,105.15
Ca Mau,2026-03-22 18:00:00,24.46,83,1010,1.18,87,10000,0,9.1769,105.15
Ca Mau,2026-03-22 21:00:00,24.02,88,1009,1.24,66,10000,3,9.1769,105.15
Ca Mau,2026-03-23 00:00:00,25.56,75,1012,1.94,94,10000,4,9.1769,105.15
Ca Mau,2026-03-23 03:00:00,32.27,41,1012,4.82,97,10000,2,9.1769,105.15
Ca Mau,2026-03-23 06:00:00,34.64,36,1009,6.2,108,10000,9,9.1769,105.15
Ca Mau,2026-03-23 09:00:00,31.32,51,1007,3.45,102,10000,74,9.1769,105.15
Ca Mau,2026-03-23 12:00:00,27.08,71,1010,3.05,127,10000,69,9.1769,105.15
Ha Long,2026-03-18 15:00:00,20.65,92,1015,0.38,95,10000,6,20.9511,107.08
Ha Long,2026-03-18 18:00:00,20.46,92,1014,1.02,33,10000,5,20.9511,107.08
Ha Long,2026-03-18 21:00:00,20.06,90,1013,0.95,13,10000,2,20.9511,107.08
Ha Long,2026-03-19 00:00:00,21.03,82,1015,0.98,98,10000,11,20.9511,107.08
Ha Long,2026-03-19 03:00:00,24.49,67,1015,2.53,130,10000,84,20.9511,107.08
Ha Long,2026-03-19 06:00:00,24.19,67,1013,2.56,144,10000,93,20.9511,107.08
Ha Long,2026-03-19 09:00:00,24.12,70,1011,2.62,140,10000,91,20.9511,107.08
Ha Long,2026-03-19 12:00:00,21.63,84,1011,1.57,115,10000,67,20.9511,107.08
Ha Long,2026-03-19 15:00:00,21.1,88,1013,0.52,94,10000,72,20.9511,107.08
Ha Long,2026-03-19 18:00:00,20.65,92,1012,0.92,56,10000,54,20.9511,107.08
Ha Long,2026-03-19 21:00:00,20.43,95,1011,1.04,61,10000,15,20.9511,107.08
Ha Long,2026-03-20 00:00:00,21.66,91,1013,1.44,82,10000,46,20.9511,107.08
Ha Long,2026-03-20 03:00:00,24.3,76,1015,2.79,167,10000,100,20.9511,107.08
Ha Long,2026-03-20 06:00:00,24.71,76,1013,3.18,135,10000,86,20.9511,107.08
Ha Long,2026-03-20 09:00:00,23.82,77,1011,2.55,123,10000,83,20.9511,107.08
Ha Long,2026-03-20 12:00:00,22.28,82,1013,0.55,143,10000,48,20.9511,107.08
Ha Long,2026-03-20 15:00:00,21.64,84,1015,0.28,125,10000,48,20.9511,107.08
Ha Long,2026-03-20 18:00:00,21.02,85,1014,1.13,27,10000,38,20.9511,107.08
Ha Long,2026-03-20 21:00:00,20.56,86,1013,1.34,33,10000,6,20.9511,107.08
Ha Long,2026-03-21 00:00:00,21.83,81,1015,2.11,37,10000,35,20.9511,107.08
Ha Long,2026-03-21 03:00:00,26.21,65,1016,3.06,94,10000,68,20.9511,107.08
Ha Long,2026-03-21 06:00:00,26.45,64,1014,3.91,121,10000,37,20.9511,107.08
Ha Long,2026-03-21 09:00:00,25.33,69,1012,3.34,118,10000,14,20.9511,107.08
Ha Long,2026-03-21 12:00:00,22.35,84,1013,1.97,101,10000,10,20.9511,107.08
Ha Long,2026-03-21 15:00:00,22.01,83,1015,1.98,92,10000,8,20.9511,107.08
Ha Long,2026-03-21 18:00:00,21.73,83,1014,1.05,75,10000,7,20.9511,107.08
Ha Long,2026-03-21 21:00:00,21.18,86,1013,1.72,70,10000,6,20.9511,107.08
Ha Long,2026-03-22 00:00:00,22.31,82,1015,1.47,65,10000,3,20.9511,107.08
Ha Long,2026-03-22 03:00:00,25.61,69,1016,2.69,134,10000,11,20.9511,107.08
Ha Long,2026-03-22 06:00:00,26.48,63,1013,3.51,132,10000,12,20.9511,107.08
Ha Long,2026-03-22 09:00:00,25.15,69,1012,3.17,135,10000,1,20.9511,107.08
Ha Long,2026-03-22 12:00:00,22.52,84,1013,1.92,117,10000,0,20.9511,107.08
Ha Long,2026-03-22 15:00:00,22.02,84,1014,1.39,136,10000,2,20.9511,107.08
Ha Long,2026-03-22 18:00:00,21.43,87,1012,1.26,121,10000,1,20.9511,107.08
Ha Long,2026-03-22 21:00:00,20.85,92,1012,0.52,47,10000,0,20.9511,107.08
Ha Long,2026-03-23 00:00:00,22.32,88,1013,0.61,59,10000,6,20.9511,107.08
Ha Long,2026-03-23 03:00:00,25.35,70,1014,3.67,182,10000,45,20.9511,107.08
Ha Long,2026-03-23 06:00:00,26.25,66,1012,3.45,172,10000,71,20.9511,107.08
Ha Long,2026-03-23 09:00:00,25.4,69,1010,3.0,142,10000,51,20.9511,107.08
Ha Long,2026-03-23 12:00:00,22.26,84,1011,1.69,112,10000,30,20.9511,107.08
Bien Hoa,2026-03-18 15:00:00,25.92,74,1012,4.79,134,10000,0,10.95,106.8167
Bien Hoa,2026-03-18 18:00:00,25.59,75,1012,3.94,137,10000,0,10.95,106.8167
Bien Hoa,2026-03-18 21:00:00,24.85,78,1011,3.38,142,10000,23,10.95,106.8167
Bien Hoa,2026-03-19 00:00:00,24.91,76,1013,2.4,116,10000,51,10.95,106.8167
Bien Hoa,2026-03-19 03:00:00,30.12,45,1013,1.71,90,10000,20,10.95,106.8167
Bien Hoa,2026-03-19 06:00:00,33.64,31,1010,0.6,328,10000,15,10.95,106.8167
Bien Hoa,2026-03-19 09:00:00,32.93,38,1008,7.27,170,10000,50,10.95,106.8167
Bien Hoa,2026-03-19 12:00:00,27.17,56,1010,6.65,143,10000,27,10.95,106.8167
Bien Hoa,2026-03-19 15:00:00,25.33,69,1012,5.71,130,10000,5,10.95,106.8167
Bien Hoa,2026-03-19 18:00:00,24.67,75,1011,3.84,161,10000,12,10.95,106.8167
Bien Hoa,2026-03-19 21:00:00,24.03,81,1011,2.91,143,10000,11,10.95,106.8167
Bien Hoa,2026-03-20 00:00:00,24.74,79,1013,3.72,131,10000,11,10.95,106.8167
Bien Hoa,2026-03-20 03:00:00,30.95,48,1013,3.25,122,10000,84,10.95,106.8167
Bien Hoa,2026-03-20 06:00:00,36.25,33,1009,1.22,159,10000,50,10.95,106.8167
Bien Hoa,2026-03-20 09:00:00,31.71,43,1008,7.29,173,10000,88,10.95,106.8167
Bien Hoa,2026-03-20 12:00:00,27.9,54,1010,6.33,142,10000,53,10.95,106.8167
Bien Hoa,2026-03-20 15:00:00,25.72,70,1012,4.49,139,10000,26,10.95,106.8167
Bien Hoa,2026-03-20 18:00:00,24.97,78,1012,3.31,161,10000,28,10.95,106.8167
Bien Hoa,2026-03-20 21:00:00,24.07,82,1012,3.02,148,10000,14,10.95,106.8167
Bien Hoa,2026-03-21 00:00:00,24.81,77,1013,3.33,128,10000,57,10.95,106.8167
Bien Hoa,2026-03-21 03:00:00,31.27,46,1013,3.04,116,10000,62,10.95,106.8167
Bien Hoa,2026-03-21 06:00:00,36.95,33,1010,0.42,52,10000,49,10.95,106.8167
Bien Hoa,2026-03-21 09:00:00,31.85,45,1008,7.37,148,10000,92,10.95,106.8167
Bien Hoa,2026-03-21 12:00:00,27.85,56,1010,6.54,136,10000,85,10.95,106.8167
Bien Hoa,2026-03-21 15:00:00,25.9,71,1012,5.55,130,10000,11,10.95,106.8167
Bien Hoa,2026-03-21 18:00:00,25.14,75,1011,2.41,143,10000,6,10.95,106.8167
Bien Hoa,2026-03-21 21:00:00,24.4,79,1011,1.89,150,10000,3,10.95,106.8167
Bien Hoa,2026-03-22 00:00:00,25.21,76,1012,2.54,107,10000,15,10.95,106.8167
Bien Hoa,2026-03-22 03:00:00,31.49,47,1013,2.77,82,10000,39,10.95,106.8167
Bien Hoa,2026-03-22 06:00:00,37.15,31,1009,0.92,30,10000,33,10.95,106.8167
Bien Hoa,2026-03-22 09:00:00,32.57,43,1007,7.66,164,10000,74,10.95,106.8167
Bien Hoa,2026-03-22 12:00:00,27.44,64,1010,6.78,144,10000,57,10.95,106.8167
Bien Hoa,2026-03-22 15:00:00,26.01,72,1011,5.41,133,10000,22,10.95,106.8167
Bien Hoa,2026-03-22 18:00:00,25.29,75,1010,2.85,147,10000,12,10.95,106.8167
Bien Hoa,2026-03-22 21:00:00,24.41,79,1009,1.81,129,10000,66,10.95,106.8167
Bien Hoa,2026-03-23 00:00:00,25.24,73,1012,2.13,109,10000,82,10.95,106.8167
Bien Hoa,2026-03-23 03:00:00,31.02,50,1012,2.22,99,10000,100,10.95,106.8167
Bien Hoa,2026-03-23 06:00:00,36.45,34,1008,1.34,12,10000,100,10.95,106.8167
Bien Hoa,2026-03-23 09:00:00,32.42,44,1007,7.74,174,10000,90,10.95,106.8167
Bien Hoa,2026-03-23 12:00:00,27.31,64,1009,6.58,141,10000,50,10.95,106.8167
